Enemies	RST_E06_ParkingMarshal
Enemies	RST_E06_ParkingMarshal_Right
Enemies	RST_E07_SnackChef
Enemies	RST_E07_SnackChef_Right
Enemies	RST_E08_CoffeeVendor
Enemies	RST_E08_CoffeeVendor_Right
Enemies	RST_E09_DeliveryRider
Enemies	RST_E09_DeliveryRider_Right
Enemies	RST_E10_TireBruiser
Enemies	RST_E10_TireBruiser_Right
Enemies	RST_E11_ParkingMarshal
Enemies	RST_E11_ParkingMarshal_Right
Enemies	RST_E12_SnackChef
Enemies	RST_E12_SnackChef_Right
Enemies	RST_E13_CoffeeVendor
Enemies	RST_E13_CoffeeVendor_Right
Enemies	RST_E14_DeliveryRider
Enemies	RST_E14_DeliveryRider_Right
Enemies	RST_E15_TireBruiser
Enemies	RST_E15_TireBruiser_Right
Enemies	RST_E16_ParkingMarshal
Enemies	RST_E16_ParkingMarshal_Right
Enemies	RST_E17_SnackChef
Enemies	RST_E17_SnackChef_Right
Bonuses	RST_B06
Bonuses	RST_B06_Right
Bonuses	RST_B07
Bonuses	RST_B07_Right
Bonuses	RST_B08
Bonuses	RST_B08_Right
Bonuses	RST_B09
Bonuses	RST_B09_Right
Bonuses	RST_B10
Bonuses	RST_B10_Right
Bonuses	RST_B11
Bonuses	RST_B11_Right
Bonuses	RST_B12
Bonuses	RST_B12_Right
Bonuses	RST_B13
Bonuses	RST_B13_Right
Bonuses	RST_B14
Bonuses	RST_B14_Right
Bonuses	RST_B15
Bonuses	RST_B15_Right
Bonuses	RST_B16
Bonuses	RST_B16_Right
Bonuses	RST_B17
Bonuses	RST_B17_Right
Bonuses	RST_B18
Bonuses	RST_B18_Right
Props	RestStop_Turn_0
Props	RestStop_Turn_1
Props	RestStop_Turn_2
Props	RestStop_Turn_3
Props	RestStop_Turn_4
Props	RestStop_Landscape
Props	RestStop_Deck_0
Props	RestStop_Block_1
Props	RestStop_Block_2
Props	RestStop_Block_3
Props	RestStop_Block_4
Props	RestStop_Block_5
Props	RestStop_Block_6
Props	RestStop_Block_7
Props	RestStop_Block_8
Props	RestStop_Block_9
Props	RestStop_Block_10
Props	RestStop_Block_11
Props	RestStop_Block_12
Props	RestStop_Block_13
Props	RestStop_Block_14
Props	RestStop_Block_15
Props	Zone_주차장 진입
Props	RestStop_Deck_1
Props	RestStop_Block_16
Props	RestStop_Block_17
Props	RestStop_Block_18
Props	RestStop_Block_19
Props	RestStop_Block_20
Props	RestStop_Block_21
Props	RestStop_Block_22
Props	Zone_매점 거리
Props	RestStop_Deck_2
Props	RestStop_Block_23
Props	RestStop_Block_24
Props	RestStop_Block_25
Props	RestStop_Block_26
Props	RestStop_Block_27
Props	RestStop_Block_28
Props	RestStop_Block_29
Props	RestStop_Block_30
Props	RestStop_Block_31
Props	RestStop_Block_32
Props	RestStop_Block_33
Props	RestStop_Block_34
Props	RestStop_Block_35
Props	RestStop_Block_36
Props	RestStop_Block_37
Props	RestStop_Block_38
Props	Zone_야외 식사 공간
Props	RestStop_Deck_3
Props	RestStop_Block_39
Props	RestStop_Block_40
Props	RestStop_Block_41
Props	RestStop_Block_42
Props	RestStop_Block_43
Props	RestStop_Block_44
Props	RestStop_Block_45
Props	RestStop_Block_46
Props	RestStop_Block_47
Props	RestStop_Block_48
Props	RestStop_Block_49
Props	RestStop_Block_50
Props	Zone_전기차 충전 구역
Props	RestStop_Deck_4
Props	RestStop_Block_51
Props	RestStop_Block_52
Props	RestStop_Block_53
Props	RestStop_Block_54
Props	RestStop_Block_55
Props	RestStop_Block_56
Props	RestStop_Block_57
Props	RestStop_Block_58
Props	RestStop_Block_59
Props	RestStop_Block_60
Props	RestStop_Block_61
Props	RestStop_Block_62
Props	Zone_물류·정비 구역
Props	RestStop_Deck_5
Props	RestStop_Block_63
Props	RestStop_Block_64
Props	RestStop_Block_65
Props	RestStop_Block_66
Props	RestStop_Block_67
Props	RestStop_Block_68
Props	RestStop_Block_69
Props	RestStop_Block_70
Props	RestStop_Block_71
Props	RestStop_Block_72
Props	RestStop_Block_73
Props	Zone_출구 정원
Props	RST_E01_ParkingMarshal_Activation
Props	RST_E01_ParkingMarshal_Right_Activation
Props	RST_E02_SnackChef_Activation
Props	RST_E02_SnackChef_Right_Activation
Props	RST_E03_CoffeeVendor_Activation
Props	RST_E03_CoffeeVendor_Right_Activation
Props	RST_E04_DeliveryRider_Activation
Props	RST_E04_DeliveryRider_Right_Activation
Props	RST_E05_TireBruiser_Activation
Props	RST_E05_TireBruiser_Right_Activation
Props	RST_E06_ParkingMarshal_Activation
Props	RST_E06_ParkingMarshal_Right_Activation
Props	RST_E07_SnackChef_Activation
Props	RST_E07_SnackChef_Right_Activation
Props	RST_E08_CoffeeVendor_Activation
Props	RST_E08_CoffeeVendor_Right_Activation
Props	RST_E09_DeliveryRider_Activation
Props	RST_E09_DeliveryRider_Right_Activation
Props	RST_E10_TireBruiser_Activation
Props	RST_E10_TireBruiser_Right_Activation
Props	RST_E11_ParkingMarshal_Activation
Props	RST_E11_ParkingMarshal_Right_Activation
Props	RST_E12_SnackChef_Activation
Props	RST_E12_SnackChef_Right_Activation
Props	RST_E13_CoffeeVendor_Activation
Props	RST_E13_CoffeeVendor_Right_Activation
Props	RST_E14_DeliveryRider_Activation
Props	RST_E14_DeliveryRider_Right_Activation
Props	RST_E15_TireBruiser_Activation
Props	RST_E15_TireBruiser_Right_Activation
Props	RST_E16_ParkingMarshal_Activation
Props	RST_E16_ParkingMarshal_Right_Activation
Props	RST_E17_SnackChef_Activation
Props	RST_E17_SnackChef_Right_Activation
Props	RST_E18_CoffeeVendor_Activation
Props	RST_E18_CoffeeVendor_Right_Activation
Props	RST_E19_DeliveryRider_Activation
Props	RST_E19_DeliveryRider_Right_Activation
Props	RST_E20_TireBruiser_Activation
Props	RST_E20_TireBruiser_Right_Activation
Props	RST_E21_ParkingMarshal_Activation
Props	RST_E21_ParkingMarshal_Right_Activation
Props	RST_E22_SnackChef_Activation
Props	RST_E22_SnackChef_Right_Activation
Props	RST_E23_CoffeeVendor_Activation
Props	RST_E23_CoffeeVendor_Right_Activation
Props	RST_E24_DeliveryRider_Activation
Props	RST_E24_DeliveryRider_Right_Activation
Props	RST_E25_TireBruiser_Activation
Props	RST_E25_TireBruiser_Right_Activation
Props	RST_G06
Props	RST_G07
Props	RST_G08
Props	RST_G09
Props	RST_G10
Props	RST_G11
Props	RST_G12
Props	RST_G13
Props	RST_G14
Props	RST_G15
Props	RST_G16
Props	RST_G17
Props	Campaign_CornerGuides
