"unix","process_id","dedicated_bytes","shared_bytes"
"1789143709","11640","25870917632","103149568"
"1789143724","11640","25870917632","103149568"
"1789143739","11640","25870917632","103149568"
"1789143755","11640","25870917632","103149568"
"1789143770","11640","25870917632","103149568"
"1789143785","11640","25870917632","103149568"
"1789143800","11640","25870917632","103149568"
"1789143816","11640","25870917632","103149568"
"1789143831","11640","25870917632","103149568"
"1789143846","11640","25870917632","103149568"
"1789143861","11640","25870917632","103149568"
"1789143877","11640","25870917632","103149568"
"1789143892","11640","25870917632","103149568"
"1789143907","11640","25870917632","103149568"
"1789143922","11640","25870917632","103149568"
"1789143937","11640","25870917632","103149568"
"1789143953","11640","25870917632","103149568"
"1789143968","11640","25870917632","103149568"
"1789143983","11640","25870917632","103149568"
"1789143998","11640","25870917632","103149568"
"1789144014","11640","25870917632","103149568"
"1789144029","11640","25870917632","103149568"
"1789144044","11640","11074551808","81010688"
"1789144059","11640","24530804736","81010688"
"1789144075","11640","24530804736","81010688"
"1789144090","11640","24530804736","81010688"
"1789144105","11640","24530804736","81010688"
"1789144120","11640","24530804736","81010688"
"1789144135","11640","24530804736","81010688"
"1789144151","11640","24530804736","81010688"
"1789144166","11640","24530804736","81010688"
"1789144181","11640","24530804736","81010688"
"1789144196","11640","24530804736","81010688"
"1789144211","11640","24530804736","81010688"
"1789144227","11640","24530804736","81010688"
"1789144242","11640","24530804736","81010688"
"1789144257","11640","24530804736","81010688"
"1789144272","11640","24530804736","81010688"
"1789144287","11640","24530804736","81010688"
"1789144303","11640","24530804736","81010688"
"1789144318","11640","24530804736","81010688"
"1789144333","11640","24530804736","81010688"
"1789144348","11640","24530804736","81010688"
"1789144363","11640","24530804736","81010688"
"1789144378","11640","24530804736","81010688"
"1789144394","11640","24530804736","81010688"
"1789144409","11640","24530804736","81010688"
"1789144424","11640","24530804736","81010688"
"1789144439","11640","24530804736","81010688"
"1789144454","11640","24530804736","81010688"
"1789144470","11640","24530804736","81010688"
"1789144485","11640","24530804736","81010688"
"1789144500","11640","24530804736","81010688"
"1789144515","11640","24530804736","81010688"
"1789144530","11640","24530804736","81010688"
"1789144546","11640","24530804736","81010688"
"1789144561","11640","24530804736","81010688"
"1789144576","11640","24530804736","81010688"
"1789144591","11640","24530804736","81010688"
"1789144606","11640","24530804736","81010688"
"1789144622","11640","24530804736","81010688"
"1789144637","11640","24530804736","81010688"
"1789144652","11640","24530804736","81010688"
"1789144667","11640","24530804736","81010688"
"1789144683","11640","24530804736","81010688"
"1789144698","11640","24530804736","81010688"
"1789144713","11640","24530804736","81010688"
"1789144729","11640","24530804736","81010688"
"1789144744","11640","24530804736","81010688"
"1789144759","11640","24530804736","81010688"
"1789144774","11640","24530804736","81010688"
"1789144789","11640","24530804736","81010688"
"1789144805","11640","24530804736","81010688"
"1789144820","11640","24530804736","81010688"
"1789144835","11640","24530804736","81010688"
"1789144850","11640","24530804736","81010688"
"1789144865","11640","24530804736","81010688"
"1789144881","11640","24530804736","81010688"
"1789144896","11640","24530804736","81010688"
"1789144911","11640","24530804736","81010688"
"1789144926","11640","24530804736","81010688"
"1789144941","11640","24530804736","81010688"
"1789144957","11640","24530804736","81010688"
"1789144972","11640","24530804736","81010688"
"1789144987","11640","24530804736","81010688"
"1789145002","11640","24530804736","81010688"
"1789145018","11640","24530804736","81010688"
"1789145033","11640","24530804736","81010688"
"1789145048","11640","24530804736","81010688"
"1789145063","11640","24530804736","81010688"
"1789145078","11640","24530804736","81010688"
"1789145094","11640","24530804736","81010688"
"1789145109","11640","24530804736","81010688"
"1789145124","11640","24530804736","81010688"
"1789145139","11640","24530804736","81010688"
"1789145154","11640","24530804736","81010688"
"1789145170","11640","24530804736","81010688"
"1789145185","11640","24530804736","81010688"
"1789145200","11640","24530804736","81010688"
"1789145215","11640","24530804736","81010688"
"1789145230","11640","24530804736","81010688"
"1789145246","11640","24530804736","81010688"
"1789145261","11640","24530804736","81010688"
"1789145276","11640","24530804736","81010688"
"1789145291","11640","24530804736","81010688"
"1789145306","11640","24530804736","81010688"
"1789145321","11640","24530804736","81010688"
"1789145337","11640","24530804736","81010688"
"1789145352","11640","24530804736","81010688"
"1789145367","11640","24530804736","81010688"
"1789145382","11640","24530804736","81010688"
"1789145397","11640","24530804736","81010688"
"1789145413","11640","24530804736","81010688"
"1789145428","11640","24530804736","81010688"
"1789145443","11640","24530804736","81010688"
"1789145458","11640","24530804736","81010688"
"1789145473","11640","24530804736","81010688"
"1789145489","11640","24530804736","81010688"
"1789145504","11640","24530804736","81010688"
"1789145519","11640","24530804736","81010688"
"1789145534","11640","24530804736","81010688"
"1789145549","11640","24530804736","81010688"
"1789145565","11640","24530804736","81010688"
"1789145580","11640","24530804736","81010688"
"1789145595","11640","24530804736","81010688"
"1789145610","11640","24530804736","81010688"
"1789145625","11640","22205530112","81285120"
"1789145640","11640","22205530112","81285120"
"1789145656","11640","19791110144","81010688"
