time,distance,hp,lane,bypass,cars
0.0663147,0.4679998,9999,0,False,0
0.5671597,4.367998,9999,-0.603241,False,0
1.067833,8.268002,9999,-0.8776855,False,0
1.570055,12.32401,9999,-0.9622498,False,0
2.093494,16.38001,9999,-0.9622498,False,0
2.601089,20.28001,9999,-0.9622498,False,0
3.111189,24.33602,9999,-0.9622498,False,0
3.62648,28.23602,9999,-0.4579773,False,0
4.158562,32.44802,9999,-0.5763855,False,0
4.676767,36.50397,9999,-0.670105,False,0
5.185522,40.40393,9999,-1.14621,False,0
5.693119,44.45988,9999,-1.281769,False,0
6.219929,48.51583,9999,-1.361176,False,0
6.732573,52.57179,9999,-1.361176,False,0
7.236506,56.47174,9999,-1.361176,False,0
7.770424,60.6837,9999,-1.361176,False,0
8.279768,64.58366,9999,-1.361176,False,0
8.786549,68.48361,9999,-1.361176,False,0
9.316692,72.69556,9999,-1.361176,False,0
9.819414,76.59552,9999,-1.361176,False,0
10.32884,80.65147,9999,-1.347321,False,0
10.85431,84.70743,9999,-1.240356,False,0
11.39228,88.91938,9999,-1.236816,False,0
11.89393,92.81934,9999,-1.236816,False,0
12.41995,96.87529,9999,-1.236818,False,0
12.92425,100.7752,9999,-1.236836,False,0
13.45708,104.9872,9999,-1.236911,False,0
13.99564,109.1992,9999,-1.23669,False,0
14.5278,113.2551,9999,-1.236769,False,1
15.08302,117.6231,9999,-1.125654,False,1
15.60181,121.679,9999,-1.160741,False,1
16.13387,125.891,9999,-0.9559323,False,1
16.65867,129.947,9999,0.3316741,False,2
17.18941,134.1592,9999,0.8077658,False,2
17.70163,138.0593,9999,0.9409814,False,2
18.21103,142.1155,9999,0.08543573,False,2
18.72269,146.0156,9999,-0.6419619,False,2
19.22416,149.9158,9999,-0.8846058,False,1
19.73731,153.9719,9999,-0.9601659,False,2
20.27201,158.1841,9999,-0.9601746,False,2
20.80027,162.2402,9999,-0.9601093,False,2
21.30397,166.1404,9999,-0.9602243,False,2
21.81799,170.1965,9999,-1.457731,False,2
22.3484,174.4087,9999,-1.969769,False,2
22.8656,178.3088,9999,-2.13295,False,2
23.43099,182.833,9999,-2.07015,False,2
23.98899,187.2012,9999,-1.545382,False,3
24.49322,191.1013,9999,-1.990168,False,1
24.99495,195.0014,9999,-2.138867,False,1
25.49503,198.9016,7799.22,-0.9245607,False,1
26.02801,202.9577,7799.22,-0.9430739,False,1
26.56338,207.1699,7799.22,-0.9603602,False,0
27.0854,211.2261,7799.22,-0.9603087,False,0
27.58851,215.2822,7799.22,-0.5219396,False,0
28.12094,219.3384,7799.22,0.5591407,False,0
28.63155,223.3945,7799.22,0.859801,False,0
29.14305,227.2947,7799.22,0.9579713,False,0
29.64883,231.3508,7799.22,-0.1069546,False,0
30.15674,235.251,7799.22,-0.7193523,False,0
30.65767,239.1511,7799.22,-0.9107334,False,0
31.17885,243.2073,7799.22,-0.9614988,False,0
31.73429,247.5754,7799.22,-0.9616668,False,0
32.26339,251.6316,7799.22,-0.9617244,False,0
32.78153,255.6877,7799.22,-0.9616501,False,0
33.30385,259.7439,7799.22,-0.9616135,False,0
33.83246,263.956,7799.22,-0.961547,False,0
34.35884,268.0122,7799.22,-0.961547,False,0
34.88315,272.0683,7799.22,-0.9614469,False,0
35.41488,276.2805,7799.22,-0.9614986,False,0
35.9436,280.3366,7799.22,-0.961481,False,0
36.49878,284.7048,7799.22,-0.9614035,False,0
37.01186,288.761,7799.22,-0.9612072,False,0
37.54559,292.8171,7799.22,-0.9611213,False,0
38.04823,296.8733,7799.22,-0.9610106,False,0
38.57172,300.9294,7799.22,0.3337324,False,0
39.0983,304.9856,7799.22,0.8057594,False,0
39.61588,309.0417,7799.22,0.9389881,False,0
40.1401,313.0979,7799.22,-0.2537618,False,0
40.67326,317.31,7799.22,-0.7614482,False,0
41.17674,321.2102,7799.22,-0.927094,False,0
41.69006,325.2663,7799.22,-0.9617615,False,0
42.19767,329.1665,7799.22,-0.9617615,False,0
42.7075,333.0666,7799.22,-0.9617615,False,0
43.23264,337.2788,7799.22,-0.9617615,False,0
43.75826,341.3349,7799.22,-0.9617615,False,0
44.28373,345.3911,7799.22,-0.9617615,False,0
44.78678,349.2912,7799.22,-0.9617615,False,0
45.29071,353.3474,7799.22,-0.9617615,False,0
45.81185,357.4035,7799.22,-0.9618949,False,0
46.3554,361.6157,7799.22,-1.147003,False,0
46.87795,365.6718,7799.22,-2.099134,False,0
47.38511,369.572,7799.22,-1.540393,False,1
47.90001,373.6281,7799.22,-0.5122669,False,1
48.40814,377.6843,7799.22,0.5510349,False,1
48.98325,382.0525,7799.22,0.8262257,False,1
49.50269,386.1086,7799.22,-0.1205136,False,1
50.02608,390.1648,7799.22,-0.6720801,False,4
50.55391,394.3769,7799.22,-0.9078162,False,4
51.06205,398.2771,7799.22,-0.9603195,False,3
51.58564,402.3332,7799.22,-0.960274,False,3
52.1012,406.3894,7799.22,-0.9602692,False,3
52.60606,410.2895,7799.22,-0.9602859,False,3
53.1108,414.3457,7799.22,-0.9603035,False,3
53.62271,418.2458,7799.22,-0.9603652,False,3
54.15038,422.458,7799.22,-0.9603781,False,3
54.66744,426.3581,7799.22,0.001234675,False,2
55.20462,430.5703,7799.22,0.6834216,False,2
55.72817,434.7824,7799.22,0.895636,False,3
56.26594,438.8386,7799.22,-0.302797,False,3
56.78125,442.8947,7799.22,-0.7886876,False,3
57.29128,446.9509,7799.22,-0.9244836,False,3
57.82449,451.007,7799.22,-0.9631607,False,2
58.33308,455.0632,7799.22,-0.963208,False,1
58.84487,458.9633,7799.22,-0.7597225,False,1
59.38172,463.1755,7799.22,0.418106,False,3
59.89411,467.2317,7799.22,0.8109043,False,2
60.3949,471.1318,7799.22,0.9397644,False,2
60.91877,475.188,7799.22,-0.1157108,False,2
61.44777,479.2441,7799.22,-0.7351019,False,2
62.00338,483.6123,7799.22,-0.9173345,False,2
62.53222,487.8244,7799.22,-0.9605139,False,2
63.05688,491.8806,7799.22,0.2939758,False,2
63.55957,495.7807,7799.22,0.7237244,False,2
64.07703,499.8369,7799.22,0.9169617,False,2
64.61142,504.049,7799.22,0.2772217,False,2
65.146,508.1052,7799.22,-0.5721436,False,3
65.68532,512.3173,7799.22,-0.864502,False,3
66.19824,516.3735,7799.22,-0.9604623,False,3
66.75079,520.7416,7799.22,-0.9605429,False,3
67.27234,524.7978,7799.22,-0.7420902,False,1
67.77661,528.6979,7799.22,-0.7965745,False,1
68.31049,532.9101,7799.22,-0.9364156,False,1
68.83986,536.9662,7799.22,-0.9621183,False,1
69.3813,541.1784,7799.22,-0.9622328,False,1
69.91385,545.3906,7799.22,-0.9621814,False,2
70.44762,549.4467,7799.22,-0.9621535,False,2
70.97449,553.6589,7799.22,-0.04545755,False,3
71.48387,557.559,7799.22,0.6924088,False,3
72.00519,561.6152,7799.22,-0.3163817,False,3
72.52037,565.6713,7799.22,-0.7800761,False,3
73.02998,569.7275,7799.22,-0.9325045,False,3
73.55125,573.7836,7799.22,-0.9603186,False,3
74.05165,577.6838,7799.22,0.2129726,False,3
74.5636,581.5839,7799.22,0.7388937,False,3
75.09996,585.7961,7799.22,0.9230042,False,3
75.61087,589.8522,7799.22,-0.2141113,False,2
76.12613,593.7524,7799.22,-0.7452087,False,2
76.63315,597.8085,7799.22,-0.915863,False,3
77.15155,601.8647,7799.22,-0.9632568,False,2
77.68262,605.9208,7799.22,-0.9632568,False,2
78.21031,610.133,7799.22,-0.963257,False,2
78.75426,614.3452,7799.22,-0.9632699,False,1
79.28314,618.4013,7799.22,-0.9633414,False,1
79.79907,622.4575,7799.22,-0.9633868,False,2
80.31905,626.5136,7799.22,-0.9633478,False,2
80.83762,630.5698,7799.22,-1.40439,False,2
81.35791,634.6259,7799.22,-1.632885,False,2
81.86806,638.6821,7799.22,-1.344015,False,2
82.37163,642.5822,7799.22,-1.247977,False,1
82.87184,646.4824,7799.22,-1.2398,False,2
83.41629,650.6945,7799.22,-1.239832,False,4
83.93048,654.7507,7799.22,-1.239796,False,3
84.44064,658.6508,7799.22,-1.239799,False,3
84.97057,662.863,7799.22,-1.239824,False,3
85.476,666.7631,7799.22,-1.239822,False,3
85.99565,670.8193,7799.22,-1.239803,False,4
86.50217,674.7194,7799.22,-0.1448081,False,4
87.01169,678.7756,7799.22,0.6266091,False,3
87.52759,682.6757,7799.22,0.8959175,False,3
88.04427,686.7319,7799.22,0.1223026,False,3
88.59065,691.1,7799.22,-0.6740167,False,3
89.11923,695.1562,7799.22,-0.9027475,False,4
89.62131,699.0563,7799.22,-0.9637217,False,4
90.15414,703.2685,7799.22,-0.9637193,False,3
90.69806,707.4807,7799.22,-0.9637056,False,3
91.30867,712.3168,7799.22,-1.320762,False,2
91.84145,716.373,7799.22,-1.905533,False,2
92.35071,720.4291,7799.22,-2.106788,False,1
92.90282,724.6413,7799.22,-1.695041,False,1
93.43301,728.8535,7799.22,-1.359636,False,0
93.96878,733.0656,7799.22,-1.25677,False,0
94.49008,737.1218,7799.22,-1.239556,False,0
95.0106,741.1779,7799.22,-1.239551,False,0
95.52115,745.0781,7799.22,-1.339724,False,0
96.06587,749.2902,7799.22,-1.406161,False,0
96.58664,753.3464,7799.22,-1.533096,False,0
97.13678,757.7145,7799.22,-1.562805,False,0
97.66919,761.9267,7799.22,-0.7808533,False,0
98.18782,765.8268,7799.22,0.3017578,False,0
98.69463,769.883,7799.22,0.7915649,False,0
99.2131,773.9391,7799.22,0.8218689,False,0
99.71989,777.8393,7799.22,-0.347519,False,0
100.2348,781.8954,7799.22,-0.7964515,False,0
100.7871,786.1076,7799.22,-0.9332017,False,0
101.3045,790.1638,7799.22,-0.9613093,False,0
101.8047,794.0639,7799.22,-0.9614367,False,0
102.3123,798.1201,7799.22,-0.9615948,False,1
102.8518,802.3322,7799.22,-0.9615679,False,1
103.3837,806.3884,7799.22,-0.9614257,False,1
103.8887,810.4445,7799.22,-0.9612933,False,1
104.4032,814.3447,7799.22,-0.9611858,False,1
104.952,818.7128,7799.22,-0.9610809,False,3
105.4547,822.613,7799.22,-0.9609931,False,4
105.9889,826.8251,7799.22,-0.9608974,False,4
106.5109,830.8813,7799.22,-0.9607931,False,4
107.0263,834.7814,7799.22,-0.9606791,False,3
107.5372,838.8376,7799.22,-1.472157,False,3
108.0476,842.7377,7799.22,-1.970003,False,3
108.5497,846.7939,7799.22,-1.421977,False,3
109.1055,851.006,5599.439,0.002727014,False,3
109.6541,855.3742,5599.439,0.7172999,False,2
110.2002,859.5864,5599.439,0.6848468,False,2
110.7112,863.6425,5599.439,-0.4293103,False,2
111.2385,867.6987,5599.439,-0.8172138,False,2
111.7548,871.7548,5599.439,-0.942323,False,2
112.2924,875.967,5599.439,-0.9620923,False,2
112.8133,880.0231,5599.439,-0.9619907,False,1
113.3482,884.2353,5599.439,-0.9619614,False,1
113.856,888.1354,5599.439,-0.7415622,False,1
114.3832,892.1916,5599.439,0.4312184,False,2
114.9143,896.4037,5599.439,0.8379569,False,2
115.437,900.4599,5599.439,0.9461111,False,1
115.9614,904.5161,5599.439,-0.1339371,False,3
116.4927,908.7282,5599.439,-0.7354274,False,3
116.9959,912.6284,5599.439,-0.9183823,False,3
117.5068,916.5285,5599.439,-0.9601158,False,3
118.0179,920.5847,5599.439,-0.9602302,False,4
118.5729,924.9528,5599.439,-0.9603786,False,3
119.0981,929.009,5599.439,-0.6773232,False,3
119.6084,933.0651,5599.439,0.4220918,False,3
120.1227,936.9653,5599.439,0.7703135,False,3
120.6299,941.0214,5599.439,0.9228674,False,3
121.1453,944.9216,5599.439,0.6188585,False,3
121.6712,949.1337,5599.439,-0.4969641,False,3
122.2302,953.5019,5599.439,-0.8478087,False,3
122.7762,957.7141,5599.439,-0.9558167,False,2
123.3136,961.9262,5599.439,-0.9601724,False,2
123.8391,965.9824,5599.439,-0.9603235,False,2
124.3624,970.0385,5599.439,-0.9604048,False,1
124.8746,974.0947,5599.439,-0.9602321,False,1
125.3965,978.1508,5599.439,-0.9600872,False,1
125.9049,982.051,5599.439,-0.9638053,False,1
126.4342,986.2631,5599.439,-0.9636952,False,1
126.9559,990.3193,5599.439,-0.9635984,False,1
127.4574,994.2194,5599.439,-0.963513,False,1
128.0053,998.4316,5599.439,-0.9634187,False,1
128.5234,1002.488,5599.439,-0.9633155,False,2
129.0338,1006.544,5599.439,-0.9631915,False,1
129.5677,1010.6,5599.439,-0.9630733,False,1
130.0706,1014.656,5599.439,-0.9630037,False,1
130.5866,1018.556,5599.439,-0.9629993,False,1
131.1175,1022.768,5599.439,-0.9631471,False,1
131.6529,1026.981,5599.439,-0.6217084,False,1
132.1704,1031.037,5599.439,0.5239842,False,1
132.6769,1034.937,5599.439,0.8428639,False,0
133.1893,1038.993,5599.439,0.952672,False,0
133.7249,1043.049,5599.439,-0.09331354,False,0
134.2251,1046.949,5599.439,-0.7169347,False,0
134.748,1051.005,5599.439,-0.9114836,False,0
135.2727,1055.218,5599.439,-0.9634513,False,0
135.8186,1059.43,5599.439,-0.9634982,False,0
136.3206,1063.33,5599.439,-0.4521103,False,0
136.8252,1067.23,5599.439,0.5286869,False,0
137.3453,1071.286,5599.439,0.8615466,False,0
137.8705,1075.498,5599.439,0.8476839,False,0
138.3835,1079.399,5599.439,-0.3832801,False,0
138.8865,1083.299,5599.439,-0.7884936,False,0
139.4145,1087.511,5599.439,-0.9412845,False,0
139.9668,1091.723,5599.439,-0.960462,False,0
140.4891,1095.935,5599.439,-0.9606116,False,0
140.9952,1099.835,5599.439,-0.9607625,False,0
141.5027,1103.735,5599.439,-0.9606865,False,0
142.0043,1107.636,5599.439,-0.6766771,False,0
142.5339,1111.848,5599.439,0.4916856,False,0
143.0406,1115.748,5599.439,0.8403513,False,0
143.5574,1119.804,5599.439,0.9511434,False,0
144.0871,1123.86,5599.439,0.1255799,False,0
144.589,1127.916,5599.439,-0.6300354,False,0
145.1129,1131.973,5599.439,-0.8916931,False,0
145.6501,1136.185,5599.439,-0.9626617,False,0
146.1652,1140.085,5599.439,-0.9626617,False,0
146.6925,1144.297,5599.439,-0.9626617,False,0
147.2141,1148.353,5599.439,-0.9626617,False,0
147.7396,1152.409,5599.439,-0.9626647,False,0
148.2786,1156.621,5599.439,-0.9627419,False,0
148.7806,1160.522,5599.439,-0.9627073,False,0
149.2959,1164.578,5599.439,-0.9627038,False,0
149.8246,1168.634,5599.439,-0.9627326,False,0
150.3381,1172.69,5599.439,-0.01410349,False,0
150.8658,1176.746,5599.439,0.6999927,False,0
151.3744,1180.802,5599.439,0.907901,False,0
151.8994,1184.859,5599.439,0.2207961,False,0
152.4353,1189.071,5599.439,-0.6021568,False,3
152.9711,1193.283,5599.439,-0.8831565,False,3
153.4789,1197.183,5599.439,-0.9600918,False,3
153.9824,1201.083,5599.439,-0.9600767,False,3
154.5008,1205.139,5599.439,-1.495629,False,4
155.0191,1209.195,5599.439,-1.9854,False,4
155.5327,1213.252,5599.439,-2.134648,False,4
156.0384,1217.152,5599.439,-1.835786,False,4
156.5556,1221.208,5599.439,-1.382396,False,3
157.0565,1225.108,5599.439,-1.257572,False,3
157.5599,1229.008,5599.439,-0.1133494,False,3
158.1053,1233.22,5599.439,0.6699969,False,4
158.6207,1237.276,5599.439,0.8972,False,3
159.144,1241.333,5599.439,-0.2731857,False,3
159.6556,1245.389,5599.439,-0.7599598,False,2
160.2072,1249.601,5599.439,-1.336546,False,2
160.7258,1253.657,5599.439,-1.936152,False,2
161.2325,1257.713,5599.439,-2.119203,False,2
161.7543,1261.769,5599.439,-1.938661,False,2
162.2771,1265.826,5599.439,-1.434563,False,1
162.8084,1270.038,5599.439,-1.268297,False,1
163.3437,1274.094,5599.439,-0.40945,False,2
163.881,1278.306,5599.439,-0.5483522,False,2
164.3898,1282.362,5599.439,-0.8657571,False,2
164.9105,1286.418,5599.439,-0.9602667,False,1
165.4413,1290.474,5599.439,-0.9602661,False,1
165.956,1294.531,5599.439,-0.9602661,False,1
166.4865,1298.587,5599.439,0.1613312,False,2
167.0084,1302.799,5599.439,0.7417908,False,2
167.513,1306.699,5599.439,0.9194336,False,2
168.0315,1310.755,5599.439,0.491272,False,1
168.5593,1314.811,5599.439,-0.5077057,False,1
169.0848,1318.868,5599.439,-0.8644579,False,1
169.601,1322.924,5599.439,-0.9535778,False,1
170.1136,1326.98,5599.439,-0.9617046,False,1
170.647,1331.036,5599.439,-0.9616532,False,1
171.1608,1335.092,5599.439,-0.961625,False,0
171.6702,1339.148,5599.439,-0.9616014,False,0
172.2227,1343.36,5599.439,-0.9616231,False,0
172.7497,1347.573,5599.439,-0.9616154,False,0
173.3508,1352.253,5599.439,-0.9615939,False,0
173.8969,1356.465,5599.439,-1.256585,False,0
174.4428,1360.677,5599.439,-1.414789,False,0
174.9913,1365.045,5599.439,-1.536463,False,0
175.5229,1369.101,5599.439,-1.561131,False,0
176.0476,1373.158,5599.439,-1.345213,False,0
176.5674,1377.214,5599.439,-1.247168,False,0
177.0755,1381.27,5599.439,-1.23936,False,0
177.5807,1385.17,5599.439,-1.027962,False,0
178.0832,1389.07,5599.439,0.1992465,False,0
178.6081,1393.282,5599.439,0.7644987,False,0
179.1145,1397.182,5599.439,0.9245476,False,0
179.6523,1401.395,5599.439,-0.2231224,False,0
180.1593,1405.295,5599.439,-0.7558575,False,0
180.6784,1409.351,5599.439,-0.9265393,False,0
181.2073,1413.407,5599.439,-0.9626625,False,0
181.7485,1417.775,5599.439,-0.962613,False,0
182.2624,1421.675,5599.439,-0.9626716,False,0
182.7968,1425.888,5599.439,-0.9626519,False,0
183.3013,1429.788,5599.439,-0.9626626,False,0
183.8411,1434,5599.439,-0.9626529,False,1
184.3674,1438.056,5599.439,-0.9626261,False,0
184.9028,1442.268,5599.439,-0.9625764,False,0
185.443,1446.48,5599.439,-0.9625757,False,0
185.9536,1450.536,5599.439,-0.9625797,False,0
186.4884,1454.749,5599.439,-0.8832666,False,0
187.0234,1458.805,5599.439,-0.2448942,False,0
187.5723,1463.173,5599.439,-0.07188231,False,0
188.1111,1467.385,5599.439,-0.03926351,False,0
188.6411,1471.441,5599.439,-0.03920661,False,0
189.1664,1475.497,5599.439,-0.0391676,False,0
189.6878,1479.554,5599.439,-0.0391553,False,0
190.1964,1483.61,5599.439,-0.03915416,False,0
190.7019,1487.51,5599.439,-0.03915405,False,0
191.2548,1491.878,5599.439,-0.3669586,False,0
191.7559,1495.778,5599.439,-0.799408,False,0
192.2763,1499.834,5599.439,-0.7425842,False,0
192.8154,1504.047,5599.439,0.4537506,False,0
193.3405,1508.103,5599.439,0.8447266,False,0
193.8627,1512.159,5599.439,0.06822234,False,0
194.3782,1516.215,5599.439,-0.6508918,False,0
194.8793,1520.115,5599.439,-0.8810064,False,0
195.4103,1524.327,5599.439,-0.9624887,False,0
195.9189,1528.227,5599.439,-0.9624766,False,0
196.4336,1532.284,5599.439,-0.9624888,False,0
196.9558,1536.34,5599.439,-0.9625119,False,0
197.47,1540.396,5599.439,-0.9625041,False,0
197.9948,1544.452,5599.439,-0.9625073,False,0
198.5194,1548.508,5599.439,-0.962525,False,1
199.032,1552.564,5599.439,-0.9625299,False,1
199.5641,1556.62,5599.439,-0.9625167,False,1
200.1145,1560.989,5599.439,-0.9625339,False,1
200.6322,1565.045,5599.439,-1.051822,False,1
201.1459,1568.945,5599.439,-1.818245,False,1
201.6816,1573.157,5599.439,-0.7944558,False,1
202.2181,1577.369,3399.659,0.6589314,False,1
202.7361,1581.425,3399.659,0.9278908,False,1
203.2795,1585.638,3399.659,0.7710257,False,0
203.8228,1589.85,3399.659,-0.4671769,False,0
204.3362,1593.906,3399.659,-0.8277692,False,0
204.8482,1597.962,3399.659,-0.9476515,False,0
205.3552,1601.862,3399.659,-0.9611415,False,0
205.8674,1605.762,3399.659,-0.9611507,False,0
206.3853,1609.818,3399.659,-0.9611286,False,0
206.9007,1613.875,3399.659,-0.9611233,False,0
207.4184,1617.931,3399.659,-0.9611394,False,0
207.9402,1621.987,3399.659,-0.9611349,False,0
208.4423,1625.887,3399.659,-0.9611428,False,0
208.9656,1629.943,3399.659,-0.9611874,False,0
209.4863,1633.999,3399.659,-0.9612333,False,0
210.0045,1638.056,3399.659,-1.213047,False,0
210.5174,1642.112,3399.659,-1.337846,False,0
211.0335,1646.168,3399.659,-1.361286,False,0
211.5516,1650.224,3399.659,-1.45871,False,0
212.0597,1654.124,3399.659,-1.55188,False,0
212.5816,1658.18,3399.659,-1.560638,False,0
213.1357,1662.548,3399.659,-1.560638,False,0
213.6618,1666.605,3399.659,-1.560638,False,0
214.1842,1670.661,3399.659,-1.560638,False,0
214.7046,1674.717,3399.659,-1.560638,False,0
215.2295,1678.929,3399.659,-1.560639,False,0
215.7796,1683.141,3399.659,-0.5023132,False,0
216.2995,1687.197,1285.659,-0.4127709,False,0
216.845,1691.41,1285.659,-0.8337216,False,0
217.3508,1695.466,1285.659,-0.9477301,False,0
217.8786,1699.522,1285.659,-0.9608223,False,0
218.4042,1703.578,1285.659,-0.9607764,False,0
218.9548,1707.946,1285.659,-0.9607742,False,0
219.469,1712.002,1285.659,-0.9607998,False,0
219.9707,1715.902,1285.659,-0.9608372,False,0
220.5023,1719.959,1285.659,-0.9608774,False,0
221.0157,1724.015,1285.659,-0.9609205,False,0
221.5214,1727.915,1285.659,-0.9609452,False,0
222.0545,1732.127,1285.659,-0.9609318,False,0
222.5617,1736.027,1285.659,-0.5661736,False,0
223.0651,1739.927,1285.659,-0.1700534,False,0
223.5671,1743.828,1285.659,-0.07580007,False,0
224.0833,1747.884,1285.659,-0.03875047,False,0
224.613,1752.096,1285.659,-0.03875364,False,0
225.1193,1755.996,1285.659,-0.03875364,False,0
225.6408,1760.052,1285.659,-0.03875047,False,0
226.1503,1764.108,1285.659,-0.03874734,False,0
226.6693,1768.164,1285.659,-0.03873807,False,0
227.1808,1772.065,1285.659,-0.4790356,False,0
227.7012,1776.121,1285.659,-0.8392283,False,0
228.2315,1780.333,1285.659,-0.240353,False,0
228.7643,1784.389,1285.659,0.6057609,False,0
229.265,1788.289,1285.659,0.87667,False,0
229.771,1792.345,1095.309,-0.1072755,False,0
230.2895,1796.401,1095.309,-0.6981486,False,0
230.8204,1800.458,1095.309,-0.908709,False,0
231.3403,1804.514,1095.309,-0.9618406,False,0
231.8615,1808.57,1095.309,-0.9618683,False,0
232.3703,1812.626,1095.309,-0.9619418,False,0
232.9115,1816.838,1095.309,-0.9620764,False,0
233.4333,1820.894,1095.309,-0.9621184,False,0
233.9471,1824.795,1095.309,-0.9619917,False,1
234.492,1829.163,1095.309,-0.9619309,False,1
235.0156,1833.219,1095.309,-0.9619534,False,1
235.5336,1837.275,1095.309,-0.9620509,False,1
236.0583,1841.331,1095.309,-0.650893,False,1
236.6149,1845.699,1095.309,0.4851249,False,1
237.143,1849.755,1095.309,0.8407559,False,1
237.6635,1853.812,1095.309,0.3769674,False,1
238.18,1857.868,1095.309,-0.5637428,False,1
238.6841,1861.768,1095.309,-0.8635876,False,0
239.1853,1865.668,1095.309,-0.9519662,False,0
239.6964,1869.724,1095.309,-0.9607777,False,0
240.2072,1873.624,1095.309,-0.9608217,False,0
240.719,1877.681,1095.309,-0.9608477,False,0
241.2476,1881.737,1095.309,-0.9608467,False,0
241.7554,1885.793,1095.309,-0.9607846,False,0
242.2864,1889.849,1095.309,-0.9607054,False,0
242.7884,1893.905,1095.309,-0.9606099,False,0
243.3048,1897.805,1095.309,-0.9606354,False,0
243.8299,1902.017,1095.309,-0.9607062,False,0
244.334,1905.918,1095.309,-0.9607278,False,0
244.8389,1909.818,1095.309,-0.9606796,False,0
245.3495,1913.874,1095.309,-0.5399029,False,0
245.8756,1917.93,1095.309,0.533694,False,0
246.4001,1921.986,1095.309,0.8611997,False,0
246.909,1926.042,1095.309,-0.1269838,False,0
247.4384,1930.099,1095.309,-0.7462472,False,1
247.9731,1934.311,1095.309,-0.9219521,False,0
248.4774,1938.211,1095.309,-0.9608104,False,0
248.9938,1942.267,1095.309,-0.9607677,False,0
249.5229,1946.323,1095.309,-0.9607171,False,0
250.0405,1950.379,1095.309,-0.960678,False,0
250.5507,1954.435,1095.309,-1.050842,False,0
251.0758,1958.492,1095.309,-2.490702,False,0
251.5841,1962.392,1095.309,-3.732245,False,0
252.1135,1966.604,1095.309,-4.185154,False,0
252.6221,1970.504,1095.309,-4.333887,False,0
253.1358,1974.56,1095.309,-4.360203,False,0
253.6716,1978.772,1095.309,-4.360146,False,0
254.1969,1982.828,1095.309,-4.360124,False,0
254.7209,1986.885,1095.309,-4.360123,False,2
255.2284,1990.941,1095.309,-4.039673,False,2
255.7288,1994.841,1095.309,-2.689911,False,2
256.2363,1998.741,1095.309,-1.646591,False,2
256.7376,2002.641,1095.309,-1.336975,False,2
257.2463,2006.541,1095.309,-1.244125,False,2
257.7674,2010.598,1095.309,-1.239885,False,2
258.285,2014.654,1095.309,-1.2399,False,2
258.7999,2018.71,1095.309,-1.239929,False,2
259.3423,2022.922,1095.309,-0.6870654,False,2
259.8795,2027.134,1095.309,0.4756297,False,2
260.4057,2031.19,1095.309,0.8474623,False,3
260.9281,2035.402,1095.309,-0.1275159,False,3
261.4406,2039.303,1095.309,-0.718603,False,3
261.9879,2043.515,1095.309,-0.9208189,False,3
262.5142,2047.727,1095.309,-1.680179,False,3
263.0316,2051.783,1095.309,-2.040266,False,1
263.5435,2055.683,1095.309,-2.146199,False,2
264.0453,2059.583,1095.309,-1.661185,False,2
264.5768,2063.795,1095.309,-1.327364,False,1
265.1079,2067.852,1095.309,-1.237319,False,1
265.6278,2071.908,1095.309,-1.454667,False,1
266.1516,2076.12,1095.309,-1.980229,False,2
266.6568,2080.02,1095.309,-2.122669,False,2
267.1737,2084.076,1095.309,-2.161175,False,2
267.6879,2087.976,1095.309,-1.517265,False,2
268.2256,2092.188,1109.309,-1.307935,False,1
268.7312,2096.245,1109.309,-1.874083,False,1
269.2513,2100.301,1109.309,-2.096303,False,1
269.7699,2104.357,1109.309,-2.163531,False,1
270.2728,2108.257,1109.309,-2.163655,False,1
270.7899,2112.313,1109.309,-1.47905,False,1
271.3044,2116.213,1109.309,-0.9009389,False,0
271.8301,2120.426,1109.309,0.3073459,False,0
272.3653,2124.482,1109.309,0.7868303,False,0
272.897,2128.694,1109.309,-0.2493562,False,0
273.4042,2132.594,1109.309,-0.753489,False,0
273.9489,2136.962,1109.309,-0.929685,False,0
274.4789,2141.018,1109.309,-0.9636553,False,0
275.0158,2145.23,1109.309,-0.963469,False,0
275.521,2149.131,1109.309,-0.004577624,False,0
276.0274,2153.031,1109.309,0.6662598,False,0
276.5745,2157.399,1109.309,0.9008789,False,0
277.0878,2161.299,1109.309,0.6417236,False,0
277.6206,2165.511,1109.309,-0.4642944,False,0
278.1216,2169.411,1109.309,-0.796875,False,0
278.6706,2173.78,1109.309,-0.9417114,False,0
279.1948,2177.836,1109.309,-0.9624374,False,0
279.7009,2181.736,1109.309,-0.9624518,False,1
280.2293,2185.948,1109.309,-0.9623578,False,0
280.7369,2189.848,1109.309,-0.9623952,False,0
281.2589,2193.904,1109.309,-0.9622669,False,0
281.7839,2197.96,1109.309,-0.96229,False,0
282.2961,2202.017,1109.309,-0.9623315,False,0
282.8165,2206.073,1109.309,-0.96236,False,0
283.3262,2209.973,1109.309,-0.962281,False,0
283.874,2214.341,1109.309,-0.07619919,False,0
284.3885,2218.397,1109.309,0.6473472,False,0
284.9171,2222.453,702.5095,0.2249912,False,0
285.4521,2226.666,702.5095,-0.5983958,False,0
285.9554,2230.566,702.5095,-0.8581931,False,0
286.4711,2234.622,702.5095,-1.201577,False,0
287.009,2238.834,702.5095,-1.354359,False,0
287.5189,2242.734,702.5095,-1.477584,False,0
288.0539,2246.946,702.5095,-1.562927,False,0
288.5668,2250.846,702.5095,-1.442383,False,0
289.0722,2254.903,702.5095,-1.281433,False,0
289.6168,2259.115,702.5095,-1.238464,False,0
290.1414,2263.171,702.5095,-1.238464,False,0
290.6483,2267.227,702.5095,-1.238464,False,0
291.1866,2271.283,702.5095,-1.238464,False,0
291.7102,2275.495,702.5095,-1.238464,False,0
292.2283,2279.552,702.5095,-1.238464,False,0
292.7592,2283.608,702.5095,-1.238464,False,0
293.2637,2287.508,702.5095,-1.238464,False,0
293.7946,2291.72,702.5095,-1.238464,False,1
294.3245,2295.776,702.5095,-1.238464,False,1
294.8452,2299.832,702.5095,-1.238464,False,1
295.369,2304.044,702.5095,-1.238464,False,1
295.8847,2307.945,702.5095,-1.660095,False,1
296.4095,2312.157,702.5095,-2.032715,False,1
296.9566,2316.369,702.5095,-2.151123,False,1
297.4721,2320.425,702.5095,-2.005798,False,2
297.9956,2324.481,702.5095,-1.438354,False,1
298.5119,2328.537,702.5095,-1.271851,False,1
299.0392,2332.594,702.5095,-1.237854,False,1
299.5532,2336.65,702.5095,-1.237854,False,1
300.0697,2340.706,702.5095,-1.237854,False,2
300.5926,2344.762,702.5095,-1.237854,False,2
301.1122,2348.818,702.5095,-1.237854,False,2
301.6319,2352.874,702.5095,-1.237854,False,1
302.1729,2357.086,702.5095,-1.237854,False,1
302.6967,2361.143,702.5095,-1.237854,False,1
303.2188,2365.199,702.5095,-1.237854,False,1
303.7316,2369.255,702.5095,-1.237854,False,1
304.235,2373.155,702.5095,-1.237854,False,0
304.7527,2377.211,702.5095,-1.237854,False,0
305.2633,2381.111,702.5095,-1.237854,False,0
305.7692,2385.167,702.5095,-1.237854,False,0
306.2963,2389.224,702.5095,-1.237854,False,0
306.819,2393.28,702.5095,-1.237854,False,0
307.3204,2397.18,702.5095,0.03460693,False,0
307.8351,2401.236,702.5095,0.6906738,False,0
308.3381,2405.136,702.5095,0.9039307,False,0
308.8961,2409.504,702.5095,0.1074829,False,0
309.4042,2413.405,702.5095,-0.6228027,False,0
309.9196,2417.461,702.5095,-0.8834229,False,0
310.4274,2421.361,702.5095,-0.9626465,False,0
310.9424,2425.417,702.5095,-0.9626465,False,0
311.4441,2429.317,702.5095,-0.9626465,False,0
311.9597,2433.373,702.5095,-0.9626465,False,0
312.4843,2437.429,702.5095,-0.9626465,False,0
313.029,2441.798,702.5095,-0.9626465,False,0
313.5348,2445.698,702.5095,-0.9626465,False,0
314.037,2449.598,702.5095,-0.9626465,False,0
314.5633,2453.654,702.5095,-0.9626465,False,0
315.0784,2457.71,702.5095,-0.9626465,False,0
315.6053,2461.766,702.5095,-0.9626465,False,0
316.1165,2465.823,702.5095,-0.9626465,False,0
316.6173,2469.723,702.5095,-0.9626465,False,0
317.1241,2473.623,702.5095,-0.9626465,False,0
317.6413,2477.679,702.5095,0.3220215,False,0
318.1642,2481.735,702.5095,1.776001,False,0
318.7188,2486.103,702.5095,3.239502,False,0
319.2382,2490.159,702.5095,4.048706,False,0
319.7408,2494.06,702.5095,4.292786,False,0
320.2718,2498.272,702.5095,4.363403,False,0
320.8011,2502.328,702.5095,4.363403,False,0
321.3027,2506.228,702.5095,4.363403,False,0
321.8301,2510.44,702.5095,4.363403,False,0
322.3748,2514.652,702.5095,2.907654,False,0
322.8892,2518.708,702.5095,1.7276,False,0
323.4184,2522.765,702.5095,1.35498,False,0
323.9463,2526.821,702.5095,0.05755615,False,0
324.4468,2530.721,702.5095,-0.6694336,False,0
324.97,2534.933,702.5095,-0.8903809,False,0
325.4945,2538.989,702.5095,-0.9605103,False,0
326.0272,2543.045,702.5095,-0.9605103,False,0
326.5279,2546.946,702.5095,-0.9605103,False,0
327.0551,2551.158,702.5095,-0.9605103,False,0
327.6107,2555.526,702.5095,-0.9605103,False,0
328.1425,2559.582,702.5095,-0.9605103,False,0
328.6712,2563.794,702.5095,-0.9605103,False,0
329.1729,2567.694,702.5095,-0.9605103,False,0
329.6946,2571.75,702.5095,-0.9605103,False,0
330.2337,2575.963,702.5095,-0.9605103,False,0
330.756,2580.019,702.5095,0.01696777,False,0
331.2727,2584.075,702.5095,0.7125244,False,0
331.7874,2587.975,702.5095,0.9089355,False,0
332.317,2592.187,702.5095,-0.2908325,False,0
332.8318,2596.243,702.5095,-0.7875977,False,0
333.3926,2600.612,702.5095,-0.9377441,False,0
333.936,2604.824,702.5095,-0.9627686,False,0
334.4593,2608.88,702.5095,-0.9627686,False,0
334.9886,2613.092,702.5095,-0.9627686,False,0
335.5044,2616.992,702.5095,-0.9627686,False,0
336.0121,2621.048,702.5095,-0.9627686,False,0
336.5356,2625.104,702.5095,-1.238586,False,0
337.0828,2629.317,702.5095,-1.387451,False,0
337.605,2633.373,702.5095,-1.529846,False,0
338.1302,2637.585,702.5095,-1.561279,False,0
338.7416,2642.265,702.5095,-1.445435,False,0
339.242,2646.165,702.5095,-1.289795,False,0
339.7563,2650.221,702.5095,-1.238037,False,0
340.2813,2654.278,702.5095,-1.052673,False,0
340.7842,2658.178,702.5095,0.2803345,False,0
341.2856,2662.078,702.5095,0.7581787,False,0
341.7979,2666.134,702.5095,0.2645264,False,0
342.337,2670.346,702.5095,-0.6291504,False,0
342.8707,2674.558,702.5095,-0.8908081,False,0
343.3885,2678.615,702.5095,-0.9605713,False,0
343.9041,2682.515,702.5095,-0.9605713,False,0
344.4223,2686.571,702.5095,-0.9605713,False,0
344.93,2690.627,702.5095,-0.9605713,False,0
345.4898,2694.995,702.5095,-0.8008423,False,0
346.0208,2699.051,702.5095,-0.2311401,False,0
346.5611,2703.263,702.5095,-0.0692749,False,0
347.0743,2707.32,702.5095,-0.7921753,False,0
347.5772,2711.22,702.5095,-1.756836,False,0
348.0878,2715.12,702.5095,-0.5722046,False,0
348.6055,2719.176,702.5095,-0.1751709,False,0
349.1262,2723.232,702.5095,-0.05273438,False,0
349.6295,2727.288,702.5095,-0.03997803,False,0
350.146,2731.188,702.5095,-0.3273315,False,0
350.66,2735.245,702.5095,-0.7784424,False,0
351.1624,2739.145,702.5095,-0.9346313,False,0
351.6766,2743.201,702.5095,-0.9613037,False,0
352.186,2747.101,702.5095,-0.9613037,False,0
352.7222,2751.313,702.5095,-0.9613037,False,0
353.235,2755.369,702.5095,-0.9613037,False,0
353.7466,2759.27,702.5095,-0.9613037,False,0
354.2637,2763.326,702.5095,-0.9613037,False,0
354.7774,2767.382,702.5095,-0.9613037,False,0
355.304,2771.438,702.5095,-0.9613037,False,0
355.842,2775.65,702.5095,-0.9613037,False,0
356.3538,2779.706,702.5095,-0.9613037,False,0
356.8703,2783.762,702.5095,-0.9613037,False,0
357.3961,2787.819,702.5095,-0.9613037,False,0
357.9343,2792.031,702.5095,-0.9613037,False,0
358.4663,2796.087,702.5095,-0.9613037,False,0
358.9814,2800.143,702.5095,-0.9613037,False,0
359.4817,2804.043,702.5095,-0.9613037,False,0
360.0371,2808.411,702.5095,-0.9613037,False,0
