time,distance,hp,attack,lane,branch,hazard,cars
0.1,0.7799997,960,48,0,False,None,1
0.6134039,4.679998,960,48,0,False,None,2
1.123148,8.736002,960,48,0,False,None,2
1.656296,12.94801,960,48,-2.01532,False,None,2
2.162735,16.84801,960,48,-4.399994,False,None,3
2.670909,20.74801,960,48,-4.399994,False,None,3
3.174591,24.80402,960,48,-4.399994,False,None,4
3.688521,28.70402,960,48,3.48291,False,None,4
4.188689,32.60402,960,48,4.399994,False,None,5
4.694673,36.65997,960,48,4.399994,False,None,5
5.197709,40.55993,960,48,1.304321,False,None,5
5.716485,44.61588,960,48,0,False,None,5
6.233126,48.51583,960,48,0,False,None,5
6.736163,52.57179,960,48,0,False,None,5
7.24545,56.47174,960,48,0,False,None,4
7.756045,60.5277,960,48,0,False,None,5
8.259233,64.42766,960,48,4.396942,False,None,5
8.764161,68.32761,960,48,4.399994,False,None,5
9.26947,72.22757,960,48,4.399994,False,None,4
9.773964,76.28352,960,48,4.399994,False,None,11
10.27404,80.18348,960,48,4.399994,False,None,11
10.78803,84.08344,960,48,9.155273E-05,False,None,10
11.29114,87.98339,960,48,0,False,None,11
11.79916,92.03934,960,48,0,False,None,11
12.30402,95.9393,960,48,-1.721681,False,None,11
12.82522,99.99525,960,48,-4.400026,False,None,10
13.33268,103.8952,960,48,-4.399973,False,None,10
13.83384,107.9512,960,48,-4.399981,False,None,10
14.33576,111.8511,960,48,-1.295155,False,None,9
14.83709,115.7511,960,48,4.399703,False,None,10
15.34677,119.651,960,48,4.399998,False,None,10
15.85049,123.551,960,48,4.400001,False,None,10
16.35981,127.6069,960,48,4.399983,False,None,9
16.87218,131.5071,960,48,4.400011,False,None,9
17.38443,135.5632,960,48,4.400017,False,None,8
17.89968,139.6194,960,48,0.0004315446,False,None,8
18.41135,143.5195,960,48,0,False,None,7
18.91737,147.5757,960,48,0,False,None,7
19.42324,151.4758,960,48,0,False,None,7
19.92419,155.376,960,48,0,False,None,7
20.43126,159.2761,960,48,0,False,None,7
20.95616,163.4883,960,48,0,False,None,7
21.47019,167.3884,960,48,0,False,None,6
21.97113,171.2886,960,48,-4.333788,False,None,6
22.47802,175.3447,960,48,-4.399981,False,None,6
22.98188,179.2449,960,48,-4.40005,False,None,6
23.49788,183.301,960,48,-4.399994,False,None,6
24.0027,187.2012,960,48,-4.39998,False,None,6
24.51753,191.2573,960,48,-4.399983,False,None,6
25.02268,195.1575,960,48,-4.400021,False,Accident,6
25.53305,199.0576,960,48,-4.400014,False,Accident,6
26.03584,203.1138,960,48,-4.399999,False,Accident,6
26.54268,207.0139,960,48,-4.399984,False,Accident,6
27.05731,211.0701,960,48,-4.400036,False,Accident,6
27.56372,214.9702,960,48,-4.399971,False,Accident,6
28.07854,219.0264,960,48,-4.399997,False,Accident,5
28.5934,222.9265,960,48,-4.400005,False,Accident,5
29.11216,226.9827,960,48,-4.399997,False,Accident,5
29.62523,231.0388,960,48,-4.399986,False,Accident,5
30.13613,235.095,960,48,-4.399988,False,Accident,5
30.6366,238.9951,960,48,-4.40002,False,Accident,5
31.15857,243.0513,960,48,-4.399987,False,Accident,5
31.67558,247.1074,960,48,-4.399997,False,Accident,5
32.18319,251.0076,960,48,-4.400031,False,Accident,5
32.69912,255.0637,960,48,-4.39998,False,Accident,5
33.2044,258.9638,960,48,-4.400006,False,Accident,4
33.71561,263.02,960,48,-4.400005,False,Accident,4
34.22849,266.9201,960,48,-4.400005,False,Accident,4
34.73603,270.9763,960,48,-4.399997,False,Accident,4
35.24527,274.8764,960,48,-4.39999,False,Accident,4
35.75255,278.7766,960,48,-4.39999,False,Accident,2
