time,distance,bypass,hp
0.2710266,2.027999,False,100000
1.291168,9.984003,False,100000
2.332642,18.25201,False,100000
3.336029,26.05202,False,100000
4.348846,33.852,False,100000
5.3909,41.96391,False,100000
6.410034,49.91982,False,100000
7.424896,57.87573,False,100000
8.433533,65.83164,False,100000
9.489563,73.94355,False,100000
10.53519,82.21146,False,100000
11.57181,90.16737,False,100000
12.70303,99.05927,False,100000
13.74863,107.1712,False,100000
14.76532,115.1271,False,100000
15.77289,123.083,False,100000
16.79758,131.039,False,100000
17.84167,139.1514,False,100000
18.8671,147.1077,False,100000
19.88214,155.0639,False,100000
20.91626,163.1763,False,100000
21.96527,171.2886,False,100000
22.9985,179.4009,False,100000
24.08423,187.8252,False,100000
25.15652,196.2495,False,100000
26.18423,204.2058,False,100000
27.198,212.1621,False,100000
28.25748,220.4304,False,100000
29.32547,228.6987,False,100000
30.32663,236.499,False,100000
31.3526,244.6113,False,100000
32.38297,252.5676,False,100000
33.40179,260.5239,False,100000
34.43921,268.6362,False,100000
35.48453,276.7485,False,100000
36.55847,285.1728,False,100000
37.56,292.9731,False,100000
38.61224,301.2414,False,100000
39.6745,309.5097,False,100000
40.69412,317.466,False,100000
41.71509,325.4223,False,100000
42.74445,333.3786,False,100000
43.78226,341.4909,False,100000
44.78561,349.2912,False,100000
45.79672,357.2475,False,100000
46.80234,365.0478,False,100000
47.82513,373.0041,False,100000
48.86813,381.1164,False,100000
49.93533,389.5407,False,100000
51.0376,398.1211,False,100000
52.04721,405.9214,False,100000
53.08182,414.0337,False,100000
54.09656,421.99,False,100000
55.15619,430.2583,False,100000
56.18753,438.2146,False,100000
57.23776,446.4829,False,100000
58.23871,454.2832,False,100000
59.25278,462.2395,False,100000
60.27432,470.1958,False,100000
61.31445,478.3081,False,100000
62.34537,486.2644,False,100000
63.39047,494.3767,False,100000
64.47903,502.957,False,100000
65.49292,510.9133,False,100000
66.50345,518.7136,False,100000
67.5321,526.8259,False,100000
68.59155,534.9382,False,100000
69.62628,543.0505,False,100000
70.6413,551.0068,False,100000
71.70059,559.2751,False,100000
72.73447,567.3874,False,100000
73.75455,575.3437,False,100000
74.77023,583.144,False,100000
75.83017,591.4123,False,100000
76.8317,599.2126,False,100000
77.8381,607.1689,False,100000
78.84641,614.9692,False,100000
79.90762,623.2375,False,100000
80.90775,631.0378,False,100000
81.95035,639.1501,False,100000
82.97556,647.2624,False,100000
83.98477,655.0627,False,100000
85.02872,663.175,False,100000
86.06198,671.2873,False,100000
87.12485,679.5556,False,100000
88.1575,687.6679,False,100000
89.16763,695.4682,False,100000
90.20602,703.5805,False,100000
91.26132,711.8488,False,100000
92.27017,719.6491,False,100000
93.33658,728.0734,False,100000
94.34659,735.8737,False,100000
95.4335,744.454,False,100000
96.47226,752.5663,False,100000
97.522,760.6786,False,100000
98.52933,768.4789,False,100000
99.57913,776.7473,False,100000
100.6219,784.8596,False,100000
101.6363,792.8159,False,100000
102.6613,800.7722,False,100000
103.7256,809.0405,False,100000
104.7296,816.8408,False,100000
105.7498,824.7971,False,100000
106.7704,832.7534,False,100000
107.8252,841.0217,False,100000
108.8799,849.29,False,100000
109.9609,857.7143,False,100000
110.9857,865.6706,False,100000
112.0632,874.0949,False,100000
113.0712,881.8952,False,100000
114.1174,890.1635,False,100000
115.3596,899.8359,False,100000
116.3686,907.6362,False,100000
117.3832,915.5925,False,100000
118.4187,923.7048,False,100000
119.4563,931.8171,False,100000
120.4887,939.7734,False,100000
121.5544,948.1977,False,100000
122.5963,956.31,False,100000
123.6269,964.2663,False,100000
124.6528,972.3786,False,100000
125.7102,980.4909,False,100000
126.7182,988.4472,False,100000
127.7279,996.2475,False,100000
128.7751,1004.516,False,100000
129.7756,1012.316,False,100000
130.7852,1020.116,False,100000
131.8188,1028.229,False,100000
132.8968,1036.653,False,100000
133.9239,1044.609,False,100000
134.9306,1052.41,False,100000
135.9488,1060.366,False,100000
136.9674,1068.322,False,100000
138.0032,1076.434,False,100000
139.035,1084.547,False,100000
140.1033,1092.815,False,100000
141.1411,1100.927,False,100000
142.1484,1108.728,False,100000
143.2083,1116.996,False,100000
144.2708,1125.264,False,100000
145.2873,1133.221,False,100000
146.2914,1141.021,False,100000
147.3506,1149.289,False,100000
148.3778,1157.401,False,100000
149.3848,1165.202,False,100000
150.4415,1173.47,False,100000
151.4881,1181.582,False,100000
152.5224,1189.695,False,100000
153.5881,1197.963,False,100000
154.6346,1206.231,False,100000
155.6662,1214.188,False,100000
156.6679,1221.988,False,100000
157.6738,1229.944,False,100000
158.7162,1238.057,False,100000
159.7654,1246.169,False,100000
160.8333,1254.593,False,100000
161.8402,1262.393,False,100000
162.8705,1270.35,False,100000
163.9354,1278.774,False,100000
164.9571,1286.73,False,100000
165.9988,1294.843,False,100000
167.0224,1302.799,False,100000
168.0398,1310.755,False,100000
169.0796,1318.868,False,100000
170.099,1326.824,False,100000
171.1199,1334.78,False,100000
172.1977,1343.204,False,100000
173.2007,1351.005,False,100000
174.2397,1359.117,False,100000
175.2504,1366.917,False,100000
176.3105,1375.186,False,100000
177.3363,1383.298,False,100000
178.3492,1391.098,False,100000
179.3879,1399.211,False,100000
180.3987,1407.167,False,100000
181.4053,1414.967,False,100000
182.4322,1423.079,False,100000
183.4632,1431.036,False,100000
184.4721,1438.992,False,100000
185.4992,1446.948,False,100000
186.5217,1454.905,False,100000
187.584,1463.173,False,100000
188.5912,1470.973,False,100000
189.6078,1478.93,False,100000
190.649,1487.042,False,100000
191.6919,1495.154,False,100000
192.7879,1503.734,False,100000
193.8063,1511.691,False,100000
194.8176,1519.647,False,100000
195.8464,1527.603,False,100000
196.8586,1535.56,False,100000
197.8883,1543.516,False,100000
198.8926,1551.472,False,100000
199.9031,1559.273,False,100000
200.9624,1567.541,False,100000
201.9944,1575.653,False,100000
203.0064,1583.453,False,100000
204.0353,1591.566,False,100000
205.078,1599.678,False,100000
206.1308,1607.79,False,100000
207.1606,1615.903,False,100000
208.187,1623.859,False,100000
209.255,1632.283,False,100000
210.3317,1640.552,False,100000
211.3677,1648.664,False,100000
212.3752,1656.62,False,100000
213.447,1664.889,False,100000
214.6467,1674.249,False,100000
215.6543,1682.205,False,100000
216.6582,1690.005,False,100000
217.7395,1698.43,False,100000
218.7571,1706.386,False,100000
219.7801,1714.342,False,100000
220.8056,1722.299,False,100000
221.8338,1730.411,False,100000
222.871,1738.367,False,100000
223.9267,1746.636,False,100000
224.9471,1754.592,False,100000
226.0048,1762.86,False,100000
227.0269,1770.817,False,100000
228.0852,1779.085,False,100000
229.1223,1787.197,False,100000
230.1383,1795.153,False,100000
231.1549,1803.11,False,100000
232.1579,1810.91,False,100000
233.1848,1818.866,False,100000
234.2161,1826.979,False,100000
235.2611,1835.091,False,100000
236.2816,1843.047,False,100000
237.2898,1850.848,False,100000
238.3133,1858.96,False,100000
239.3538,1867.072,False,100000
240.3839,1875.028,False,100000
241.4203,1883.141,False,100000
242.4844,1891.409,False,100000
243.5013,1899.365,False,100000
244.5459,1907.478,False,100000
245.5493,1915.278,False,100000
246.6173,1923.702,False,100000
247.6353,1931.659,False,100000
248.6802,1939.771,False,100000
249.7216,1947.883,False,100000
250.778,1956.151,False,100000
251.807,1964.108,False,100000
252.8096,1971.908,False,100000
253.82,1979.864,False,100000
254.867,1987.977,False,100000
255.8829,1995.933,False,100000
257.1823,2006.073,False,100000
258.2162,2014.186,False,100000
259.2588,2022.298,False,100000
260.2652,2030.098,False,100000
261.2704,2037.899,False,100000
262.2964,2046.011,False,100000
263.3189,2053.967,False,100000
264.3629,2062.079,False,100000
265.3803,2070.036,False,100000
266.3922,2077.992,False,100000
267.3957,2085.792,False,100000
268.4522,2094.061,False,100000
269.4866,2102.017,False,100000
270.5404,2110.285,False,100000
271.5785,2118.397,False,100000
272.5934,2126.354,False,100000
273.5951,2134.154,False,100000
274.6629,2142.422,False,100000
275.6725,2150.379,False,100000
276.698,2158.335,False,100000
277.7454,2166.447,False,100000
278.7591,2174.404,False,100000
279.7633,2182.204,False,100000
280.8026,2190.316,False,100000
281.8324,2198.428,False,100000
282.878,2206.541,False,100000
283.9298,2214.653,False,100000
284.955,2222.765,False,100000
285.9762,2230.722,False,100000
286.9822,2238.522,False,100000
288.0224,2246.634,False,100000
289.0876,2254.903,False,100000
290.0901,2262.703,False,100000
291.1145,2270.815,False,100000
292.1353,2278.771,False,100000
293.2018,2287.04,False,100000
294.2389,2295.152,False,100000
295.2891,2303.264,False,100000
296.2912,2311.065,False,100000
297.2993,2319.021,False,100000
298.3669,2327.289,False,100000
299.4082,2335.402,False,100000
300.4381,2343.514,False,100000
301.4388,2351.314,False,100000
302.5106,2359.583,False,100000
303.5392,2367.695,False,100000
304.577,2375.807,False,100000
305.5916,2383.607,False,100000
306.6681,2392.032,False,100000
307.7052,2400.144,False,100000
308.7338,2408.256,False,100000
309.7755,2416.369,False,100000
310.8182,2424.481,False,100000
311.8347,2432.437,False,100000
312.8651,2440.394,False,100000
313.9293,2448.662,False,100000
314.9359,2456.618,False,100000
315.9578,2464.574,False,100000
316.9723,2472.531,False,100000
318.0435,2480.799,False,100000
319.0674,2488.755,False,100000
320.1161,2497.024,False,100000
321.1469,2504.98,False,100000
322.1515,2512.78,False,100000
323.1709,2520.737,False,100000
324.2253,2529.005,False,100000
325.2289,2536.805,False,100000
326.2484,2544.761,False,100000
327.3134,2553.186,False,100000
328.3326,2561.142,False,100000
329.4123,2569.566,False,100000
330.433,2577.523,False,100000
331.4908,2585.635,False,100000
332.5133,2593.747,False,100000
333.5589,2601.86,False,100000
334.5778,2609.816,False,100000
335.5902,2617.616,False,100000
336.6196,2625.729,False,100000
337.6327,2633.685,False,100000
338.6956,2641.953,False,100000
339.7324,2650.065,False,100000
340.7896,2658.178,False,100000
341.8082,2666.134,False,100000
342.8327,2674.246,False,100000
343.8803,2682.359,False,100000
344.8933,2690.315,False,100000
345.9034,2698.115,False,100000
346.942,2706.228,False,100000
347.968,2714.184,False,100000
348.9767,2722.14,False,100000
350.0112,2730.096,False,100000
351.0211,2738.053,False,100000
352.0571,2746.165,False,100000
353.3092,2755.837,False,100000
354.3528,2764.106,False,100000
355.4477,2772.53,False,100000
356.4712,2780.486,False,100000
357.4829,2788.443,False,100000
358.491,2796.243,False,100000
359.5047,2804.199,False,100000
360.5203,2812.156,False,100000
361.5461,2820,False,100000
362.6158,2820,False,100000
363.659,2820,False,100000
364.6842,2820,False,100000
365.719,2820,False,100000
366.7581,2820,False,100000
367.7784,2820,False,100000
368.808,2820,False,100000
369.87,2820,False,100000
370.8846,2820,False,100000
371.916,2820,False,100000
372.9389,2820,False,100000
373.9424,2820,False,100000
374.9807,2820,False,100000
376.0322,2820,False,100000
377.0498,2820,False,100000
378.0868,2820,False,100000
379.1019,2820,False,100000
380.1263,2820,False,100000
381.1754,2820,False,100000
382.1783,2820,False,100000
383.186,2820,False,100000
384.1958,2820,False,100000
385.2423,2820,False,100000
386.2589,2820,False,100000
387.2936,2820,False,100000
388.3679,2820,False,100000
389.3982,2820,False,100000
390.4152,2820,False,100000
391.4742,2820,False,100000
392.5075,2820,False,100000
393.5642,2820,False,100000
394.596,2820,False,100000
395.6278,2820,False,100000
396.6536,2820,False,100000
397.6867,2820,False,100000
398.6938,2820,False,100000
399.7247,2820,False,100000
400.7677,2820,False,100000
401.8182,2820,False,100000
402.8348,2820,False,100000
403.8601,2820,False,100000
404.8725,2820,False,100000
405.8993,2820,False,100000
406.9039,2820,False,100000
407.976,2820,False,100000
409.0512,2820,False,100000
410.0742,2820,False,100000
411.0752,2820,False,100000
412.1363,2820,False,100000
413.411,2820,False,100000
414.4388,2820,False,100000
415.4574,2820,False,100000
416.5139,2820,False,100000
417.5207,2820,False,100000
418.5302,2820,False,100000
419.5467,2820,False,100000
