time,distance,hp,maxHp,lane,bypass,x,y,z
0.3000183,2.339999,500,500,0,False,-420,0.12,-737.66
0.8113403,6.24,500,500,-0.9003906,False,-420.9004,0.12,-733.76
1.348053,10.452,500,500,-1.286316,False,-421.2863,0.12,-729.548
1.885834,14.66401,500,500,-1.56308,False,-421.5631,0.12,-725.336
2.390076,18.56401,500,500,-1.674622,False,-421.6746,0.12,-721.436
2.909973,22.62001,500,500,-1.712799,False,-421.7128,0.12,-717.38
3.430695,26.67602,500,500,-1.712799,False,-421.7128,0.12,-713.324
3.932373,30.57602,500,500,-1.712799,False,-421.7128,0.12,-709.424
4.439087,34.63199,500,500,-1.712799,False,-421.7128,0.12,-705.368
5.00296,38.99994,500,500,-1.712799,False,-421.7128,0.12,-701.0001
5.549774,43.21189,500,500,-1.712799,False,-421.7128,0.12,-696.7881
6.131683,47.73584,500,500,-1.712799,False,-421.7128,0.12,-692.2642
6.67627,52.10379,500,500,-1.712799,False,-421.7128,0.12,-687.8962
7.208313,56.15975,500,500,-1.788361,False,-421.7884,0.12,-683.8403
7.735596,60.3717,500,500,-2.182587,False,-422.1826,0.12,-679.6283
8.275299,64.58366,500,500,-2.37204,False,-422.372,0.12,-675.4163
